{
  "apiVersion": "1",
  "swaggerVersion": "1.2",
  "basePath": "http:\/\/localhost:8081",
  "resourcePath": "\/util",
  "apis": [
    {
      "path": "\/util\/changeLogLevel",
      "operations": [
        {
          "httpMethod": "POST",
          "summary": "Set's the server's log level ( ALL, SEVERE, WARNING ,INFO, CONFIG, FINE, FINER, FINEST, OFF) ",
          "nickname": "setLogLevel",
          "consumes":"application/json",
          "parameters": [
          {
            "paramType": "body",
            "required": true,
            "dataType": "SetLogLevelRequest"
            }
          ]
        }
      ]
    }
  ],
  "models": { "SetLogLevelRequest":{
      "id": "SetLogLevelRequest",
      "properties": {
        "logLevel": {
          "type": "string",
          "required":"true",
          "description":"Only strings returned by \/game\/listAI are valid."
         }
       }
    }}
}
